{
  "Name": "TDM",
  "Description": "Team Death Match. Битва двух команд",
  "StartClientVersion": 532,
  "MapFilter": {
    "IsBlank": false,
    "HasParcourEnd": false
  },
  "MapLists": [
    {
      "MapListId": 324,
      "Name": "Официальные карты"
    },
    {
      "MapListId": 581
    }
  ],
  "Parameters": {
    "Bool": [
      {
        "Name": "MapRotation",
        "DisplayName": "GmParams/MapRotation",
        "Default": true
      },
      {
        "Name": "OnlyKnives",
        "DisplayName": "GmParams/OnlyKnives"
      },
      {
        "Name": "OnlyPlayerBlocksDmg",
        "DisplayName": "GmParams/OnlyPlayerBlocksDmg"
      },
      {
        "Name": "LoosenBlocks",
        "DisplayName": "GmParams/LoosenBlocks"
      },
      {
        "Name": "FriendlyFire",
        "DisplayName": "GmParams/FriendlyFire"
      }
    ]
  }
}